,index,previsao
0,36,702.4096956686022
1,37,635.0934929582971
2,38,676.821176468518
3,39,682.5575489429503
4,40,677.0429271264022
5,41,618.21312769213
6,42,718.791349349009
